{"cameraMode":{"drawMode":0,"name":"Shaded","section":"Shading Mode"},"sceneLighting":true,"audioPlay":false,"sceneViewState":{"showFog":true,"showMaterialUpdate":false,"showSkybox":true,"showFlares":true,"showImageEffects":true,"showParticleSystems":true},"in2DMode":false,"pivot":{"x":2.8253650665283205,"y":-10.738489151000977,"z":4.052585601806641},"rotation":{"x":-0.046575307846069339,"y":0.9528087973594666,"z":-0.22894084453582765,"w":-0.19383729994297028},"size":36.48362731933594,"orthographic":false}