{"cameraMode":{"drawMode":0,"name":"Shaded","section":"Shading Mode"},"sceneLighting":true,"audioPlay":false,"sceneViewState":{"showFog":true,"showMaterialUpdate":false,"showSkybox":true,"showFlares":true,"showImageEffects":true,"showParticleSystems":true},"in2DMode":false,"pivot":{"x":4.815873146057129,"y":4.795568466186523,"z":2.018037796020508},"rotation":{"x":-0.17397768795490266,"y":-0.35654178261756899,"z":0.06776162981987,"w":-0.9154350757598877},"size":67.97492980957031,"orthographic":false}